Node,Subest,Feeder,
sub_6271173a-9d78-4b65-96e8-a680e4caea0e_12.47 ,True                                           ,True                                                  ,
ST_MAT                                         ,True                                           ,True                                                  ,
DM2                                            ,sub_6271173a-9d78-4b65-96e8-a680e4caea0e_12.47 ,sub_6271173a-9d78-4b65-96e8-a680e4caea0e_12.47 -> DT0 ,
DM3                                            ,sub_6271173a-9d78-4b65-96e8-a680e4caea0e_12.47 ,sub_6271173a-9d78-4b65-96e8-a680e4caea0e_12.47 -> DT0 ,
DM4                                            ,sub_6271173a-9d78-4b65-96e8-a680e4caea0e_12.47 ,sub_6271173a-9d78-4b65-96e8-a680e4caea0e_12.47 -> DT0 ,
DM9                                            ,sub_6271173a-9d78-4b65-96e8-a680e4caea0e_12.47 ,sub_6271173a-9d78-4b65-96e8-a680e4caea0e_12.47 -> DT0 ,
DM10                                           ,sub_6271173a-9d78-4b65-96e8-a680e4caea0e_12.47 ,sub_6271173a-9d78-4b65-96e8-a680e4caea0e_12.47 -> DT0 ,
DM14                                           ,sub_6271173a-9d78-4b65-96e8-a680e4caea0e_12.47 ,sub_6271173a-9d78-4b65-96e8-a680e4caea0e_12.47 -> DT0 ,
DM15                                           ,sub_6271173a-9d78-4b65-96e8-a680e4caea0e_12.47 ,sub_6271173a-9d78-4b65-96e8-a680e4caea0e_12.47 -> DT0 ,
DM18                                           ,sub_6271173a-9d78-4b65-96e8-a680e4caea0e_12.47 ,sub_6271173a-9d78-4b65-96e8-a680e4caea0e_12.47 -> DT0 ,
DM19                                           ,sub_6271173a-9d78-4b65-96e8-a680e4caea0e_12.47 ,sub_6271173a-9d78-4b65-96e8-a680e4caea0e_12.47 -> DT0 ,
DM33                                           ,sub_6271173a-9d78-4b65-96e8-a680e4caea0e_12.47 ,sub_6271173a-9d78-4b65-96e8-a680e4caea0e_12.47 -> DT0 ,
DM35                                           ,sub_6271173a-9d78-4b65-96e8-a680e4caea0e_12.47 ,sub_6271173a-9d78-4b65-96e8-a680e4caea0e_12.47 -> DT0 ,
DM49                                           ,sub_6271173a-9d78-4b65-96e8-a680e4caea0e_12.47 ,sub_6271173a-9d78-4b65-96e8-a680e4caea0e_12.47 -> DT0 ,
DM50                                           ,sub_6271173a-9d78-4b65-96e8-a680e4caea0e_12.47 ,sub_6271173a-9d78-4b65-96e8-a680e4caea0e_12.47 -> DT0 ,
DM62                                           ,sub_6271173a-9d78-4b65-96e8-a680e4caea0e_12.47 ,sub_6271173a-9d78-4b65-96e8-a680e4caea0e_12.47 -> DT0 ,
DM63                                           ,sub_6271173a-9d78-4b65-96e8-a680e4caea0e_12.47 ,sub_6271173a-9d78-4b65-96e8-a680e4caea0e_12.47 -> DT0 ,
DM70                                           ,sub_6271173a-9d78-4b65-96e8-a680e4caea0e_12.47 ,sub_6271173a-9d78-4b65-96e8-a680e4caea0e_12.47 -> DT0 ,
DM71                                           ,sub_6271173a-9d78-4b65-96e8-a680e4caea0e_12.47 ,sub_6271173a-9d78-4b65-96e8-a680e4caea0e_12.47 -> DT0 ,
DM86                                           ,sub_6271173a-9d78-4b65-96e8-a680e4caea0e_12.47 ,sub_6271173a-9d78-4b65-96e8-a680e4caea0e_12.47 -> DT0 ,
DM91                                           ,sub_6271173a-9d78-4b65-96e8-a680e4caea0e_12.47 ,sub_6271173a-9d78-4b65-96e8-a680e4caea0e_12.47 -> DT0 ,
DM100                                          ,sub_6271173a-9d78-4b65-96e8-a680e4caea0e_12.47 ,sub_6271173a-9d78-4b65-96e8-a680e4caea0e_12.47 -> DT0 ,
DT0                                            ,sub_6271173a-9d78-4b65-96e8-a680e4caea0e_12.47 ,sub_6271173a-9d78-4b65-96e8-a680e4caea0e_12.47 -> DT0 ,
DT0LV                                          ,sub_6271173a-9d78-4b65-96e8-a680e4caea0e_12.47 ,sub_6271173a-9d78-4b65-96e8-a680e4caea0e_12.47 -> DT0 ,
DT1                                            ,sub_6271173a-9d78-4b65-96e8-a680e4caea0e_12.47 ,sub_6271173a-9d78-4b65-96e8-a680e4caea0e_12.47 -> DT0 ,
DT1LV                                          ,sub_6271173a-9d78-4b65-96e8-a680e4caea0e_12.47 ,sub_6271173a-9d78-4b65-96e8-a680e4caea0e_12.47 -> DT0 ,
DT2                                            ,sub_6271173a-9d78-4b65-96e8-a680e4caea0e_12.47 ,sub_6271173a-9d78-4b65-96e8-a680e4caea0e_12.47 -> DT0 ,
DT2LV                                          ,sub_6271173a-9d78-4b65-96e8-a680e4caea0e_12.47 ,sub_6271173a-9d78-4b65-96e8-a680e4caea0e_12.47 -> DT0 ,
DT3                                            ,sub_6271173a-9d78-4b65-96e8-a680e4caea0e_12.47 ,sub_6271173a-9d78-4b65-96e8-a680e4caea0e_12.47 -> DT0 ,
DT3LV                                          ,sub_6271173a-9d78-4b65-96e8-a680e4caea0e_12.47 ,sub_6271173a-9d78-4b65-96e8-a680e4caea0e_12.47 -> DT0 ,
DT4                                            ,sub_6271173a-9d78-4b65-96e8-a680e4caea0e_12.47 ,sub_6271173a-9d78-4b65-96e8-a680e4caea0e_12.47 -> DT0 ,
DT4LV                                          ,sub_6271173a-9d78-4b65-96e8-a680e4caea0e_12.47 ,sub_6271173a-9d78-4b65-96e8-a680e4caea0e_12.47 -> DT0 ,
DT5                                            ,sub_6271173a-9d78-4b65-96e8-a680e4caea0e_12.47 ,sub_6271173a-9d78-4b65-96e8-a680e4caea0e_12.47 -> DT0 ,
DT5LV                                          ,sub_6271173a-9d78-4b65-96e8-a680e4caea0e_12.47 ,sub_6271173a-9d78-4b65-96e8-a680e4caea0e_12.47 -> DT0 ,
DT6                                            ,sub_6271173a-9d78-4b65-96e8-a680e4caea0e_12.47 ,sub_6271173a-9d78-4b65-96e8-a680e4caea0e_12.47 -> DT0 ,
DT6LV                                          ,sub_6271173a-9d78-4b65-96e8-a680e4caea0e_12.47 ,sub_6271173a-9d78-4b65-96e8-a680e4caea0e_12.47 -> DT0 ,
DT7                                            ,sub_6271173a-9d78-4b65-96e8-a680e4caea0e_12.47 ,sub_6271173a-9d78-4b65-96e8-a680e4caea0e_12.47 -> DT0 ,
DT7LV                                          ,sub_6271173a-9d78-4b65-96e8-a680e4caea0e_12.47 ,sub_6271173a-9d78-4b65-96e8-a680e4caea0e_12.47 -> DT0 ,
DT8                                            ,sub_6271173a-9d78-4b65-96e8-a680e4caea0e_12.47 ,sub_6271173a-9d78-4b65-96e8-a680e4caea0e_12.47 -> DT0 ,
DT8LV                                          ,sub_6271173a-9d78-4b65-96e8-a680e4caea0e_12.47 ,sub_6271173a-9d78-4b65-96e8-a680e4caea0e_12.47 -> DT0 ,
DT9                                            ,sub_6271173a-9d78-4b65-96e8-a680e4caea0e_12.47 ,sub_6271173a-9d78-4b65-96e8-a680e4caea0e_12.47 -> DT0 ,
DT9LV                                          ,sub_6271173a-9d78-4b65-96e8-a680e4caea0e_12.47 ,sub_6271173a-9d78-4b65-96e8-a680e4caea0e_12.47 -> DT0 ,
DT10                                           ,sub_6271173a-9d78-4b65-96e8-a680e4caea0e_12.47 ,sub_6271173a-9d78-4b65-96e8-a680e4caea0e_12.47 -> DT0 ,
DT10LV                                         ,sub_6271173a-9d78-4b65-96e8-a680e4caea0e_12.47 ,sub_6271173a-9d78-4b65-96e8-a680e4caea0e_12.47 -> DT0 ,
DT11                                           ,sub_6271173a-9d78-4b65-96e8-a680e4caea0e_12.47 ,sub_6271173a-9d78-4b65-96e8-a680e4caea0e_12.47 -> DT0 ,
DT11LV                                         ,sub_6271173a-9d78-4b65-96e8-a680e4caea0e_12.47 ,sub_6271173a-9d78-4b65-96e8-a680e4caea0e_12.47 -> DT0 ,
DT12                                           ,sub_6271173a-9d78-4b65-96e8-a680e4caea0e_12.47 ,sub_6271173a-9d78-4b65-96e8-a680e4caea0e_12.47 -> DT0 ,
DT12LV                                         ,sub_6271173a-9d78-4b65-96e8-a680e4caea0e_12.47 ,sub_6271173a-9d78-4b65-96e8-a680e4caea0e_12.47 -> DT0 ,
DT13                                           ,sub_6271173a-9d78-4b65-96e8-a680e4caea0e_12.47 ,sub_6271173a-9d78-4b65-96e8-a680e4caea0e_12.47 -> DT0 ,
DT13LV                                         ,sub_6271173a-9d78-4b65-96e8-a680e4caea0e_12.47 ,sub_6271173a-9d78-4b65-96e8-a680e4caea0e_12.47 -> DT0 ,
DT14                                           ,sub_6271173a-9d78-4b65-96e8-a680e4caea0e_12.47 ,sub_6271173a-9d78-4b65-96e8-a680e4caea0e_12.47 -> DT0 ,
DT14LV                                         ,sub_6271173a-9d78-4b65-96e8-a680e4caea0e_12.47 ,sub_6271173a-9d78-4b65-96e8-a680e4caea0e_12.47 -> DT0 ,
DT15                                           ,sub_6271173a-9d78-4b65-96e8-a680e4caea0e_12.47 ,sub_6271173a-9d78-4b65-96e8-a680e4caea0e_12.47 -> DT0 ,
DT15LV                                         ,sub_6271173a-9d78-4b65-96e8-a680e4caea0e_12.47 ,sub_6271173a-9d78-4b65-96e8-a680e4caea0e_12.47 -> DT0 ,
DT16                                           ,sub_6271173a-9d78-4b65-96e8-a680e4caea0e_12.47 ,sub_6271173a-9d78-4b65-96e8-a680e4caea0e_12.47 -> DT0 ,
DT16LV                                         ,sub_6271173a-9d78-4b65-96e8-a680e4caea0e_12.47 ,sub_6271173a-9d78-4b65-96e8-a680e4caea0e_12.47 -> DT0 ,
DT17                                           ,sub_6271173a-9d78-4b65-96e8-a680e4caea0e_12.47 ,sub_6271173a-9d78-4b65-96e8-a680e4caea0e_12.47 -> DT0 ,
DT17LV                                         ,sub_6271173a-9d78-4b65-96e8-a680e4caea0e_12.47 ,sub_6271173a-9d78-4b65-96e8-a680e4caea0e_12.47 -> DT0 ,
DT18                                           ,sub_6271173a-9d78-4b65-96e8-a680e4caea0e_12.47 ,sub_6271173a-9d78-4b65-96e8-a680e4caea0e_12.47 -> DT0 ,
DT18LV                                         ,sub_6271173a-9d78-4b65-96e8-a680e4caea0e_12.47 ,sub_6271173a-9d78-4b65-96e8-a680e4caea0e_12.47 -> DT0 ,
DT19                                           ,sub_6271173a-9d78-4b65-96e8-a680e4caea0e_12.47 ,sub_6271173a-9d78-4b65-96e8-a680e4caea0e_12.47 -> DT0 ,
DT19LV                                         ,sub_6271173a-9d78-4b65-96e8-a680e4caea0e_12.47 ,sub_6271173a-9d78-4b65-96e8-a680e4caea0e_12.47 -> DT0 ,
DT20                                           ,sub_6271173a-9d78-4b65-96e8-a680e4caea0e_12.47 ,sub_6271173a-9d78-4b65-96e8-a680e4caea0e_12.47 -> DT0 ,
DT20LV                                         ,sub_6271173a-9d78-4b65-96e8-a680e4caea0e_12.47 ,sub_6271173a-9d78-4b65-96e8-a680e4caea0e_12.47 -> DT0 ,
DT21                                           ,sub_6271173a-9d78-4b65-96e8-a680e4caea0e_12.47 ,sub_6271173a-9d78-4b65-96e8-a680e4caea0e_12.47 -> DT0 ,
DT21LV                                         ,sub_6271173a-9d78-4b65-96e8-a680e4caea0e_12.47 ,sub_6271173a-9d78-4b65-96e8-a680e4caea0e_12.47 -> DT0 ,
DT22                                           ,sub_6271173a-9d78-4b65-96e8-a680e4caea0e_12.47 ,sub_6271173a-9d78-4b65-96e8-a680e4caea0e_12.47 -> DT0 ,
DT22LV                                         ,sub_6271173a-9d78-4b65-96e8-a680e4caea0e_12.47 ,sub_6271173a-9d78-4b65-96e8-a680e4caea0e_12.47 -> DT0 ,
DT23                                           ,sub_6271173a-9d78-4b65-96e8-a680e4caea0e_12.47 ,sub_6271173a-9d78-4b65-96e8-a680e4caea0e_12.47 -> DT0 ,
DT23LV                                         ,sub_6271173a-9d78-4b65-96e8-a680e4caea0e_12.47 ,sub_6271173a-9d78-4b65-96e8-a680e4caea0e_12.47 -> DT0 ,
DT24                                           ,sub_6271173a-9d78-4b65-96e8-a680e4caea0e_12.47 ,sub_6271173a-9d78-4b65-96e8-a680e4caea0e_12.47 -> DT0 ,
DT24LV                                         ,sub_6271173a-9d78-4b65-96e8-a680e4caea0e_12.47 ,sub_6271173a-9d78-4b65-96e8-a680e4caea0e_12.47 -> DT0 ,
DT25                                           ,sub_6271173a-9d78-4b65-96e8-a680e4caea0e_12.47 ,sub_6271173a-9d78-4b65-96e8-a680e4caea0e_12.47 -> DT0 ,
DT25LV                                         ,sub_6271173a-9d78-4b65-96e8-a680e4caea0e_12.47 ,sub_6271173a-9d78-4b65-96e8-a680e4caea0e_12.47 -> DT0 ,
DT26                                           ,sub_6271173a-9d78-4b65-96e8-a680e4caea0e_12.47 ,sub_6271173a-9d78-4b65-96e8-a680e4caea0e_12.47 -> DT0 ,
DT26LV                                         ,sub_6271173a-9d78-4b65-96e8-a680e4caea0e_12.47 ,sub_6271173a-9d78-4b65-96e8-a680e4caea0e_12.47 -> DT0 ,
DT27                                           ,sub_6271173a-9d78-4b65-96e8-a680e4caea0e_12.47 ,sub_6271173a-9d78-4b65-96e8-a680e4caea0e_12.47 -> DT0 ,
DT27LV                                         ,sub_6271173a-9d78-4b65-96e8-a680e4caea0e_12.47 ,sub_6271173a-9d78-4b65-96e8-a680e4caea0e_12.47 -> DT0 ,
DT28                                           ,sub_6271173a-9d78-4b65-96e8-a680e4caea0e_12.47 ,sub_6271173a-9d78-4b65-96e8-a680e4caea0e_12.47 -> DT0 ,
DT28LV                                         ,sub_6271173a-9d78-4b65-96e8-a680e4caea0e_12.47 ,sub_6271173a-9d78-4b65-96e8-a680e4caea0e_12.47 -> DT0 ,
DT29                                           ,sub_6271173a-9d78-4b65-96e8-a680e4caea0e_12.47 ,sub_6271173a-9d78-4b65-96e8-a680e4caea0e_12.47 -> DT0 ,
DT29LV                                         ,sub_6271173a-9d78-4b65-96e8-a680e4caea0e_12.47 ,sub_6271173a-9d78-4b65-96e8-a680e4caea0e_12.47 -> DT0 ,
DT30                                           ,sub_6271173a-9d78-4b65-96e8-a680e4caea0e_12.47 ,sub_6271173a-9d78-4b65-96e8-a680e4caea0e_12.47 -> DT0 ,
DT30LV                                         ,sub_6271173a-9d78-4b65-96e8-a680e4caea0e_12.47 ,sub_6271173a-9d78-4b65-96e8-a680e4caea0e_12.47 -> DT0 ,
DT31                                           ,sub_6271173a-9d78-4b65-96e8-a680e4caea0e_12.47 ,sub_6271173a-9d78-4b65-96e8-a680e4caea0e_12.47 -> DT0 ,
DT31LV                                         ,sub_6271173a-9d78-4b65-96e8-a680e4caea0e_12.47 ,sub_6271173a-9d78-4b65-96e8-a680e4caea0e_12.47 -> DT0 ,
DT32                                           ,sub_6271173a-9d78-4b65-96e8-a680e4caea0e_12.47 ,sub_6271173a-9d78-4b65-96e8-a680e4caea0e_12.47 -> DT0 ,
DT32LV                                         ,sub_6271173a-9d78-4b65-96e8-a680e4caea0e_12.47 ,sub_6271173a-9d78-4b65-96e8-a680e4caea0e_12.47 -> DT0 ,
DT33                                           ,sub_6271173a-9d78-4b65-96e8-a680e4caea0e_12.47 ,sub_6271173a-9d78-4b65-96e8-a680e4caea0e_12.47 -> DT0 ,
DT33LV                                         ,sub_6271173a-9d78-4b65-96e8-a680e4caea0e_12.47 ,sub_6271173a-9d78-4b65-96e8-a680e4caea0e_12.47 -> DT0 ,
DT34                                           ,sub_6271173a-9d78-4b65-96e8-a680e4caea0e_12.47 ,sub_6271173a-9d78-4b65-96e8-a680e4caea0e_12.47 -> DT0 ,
DT34LV                                         ,sub_6271173a-9d78-4b65-96e8-a680e4caea0e_12.47 ,sub_6271173a-9d78-4b65-96e8-a680e4caea0e_12.47 -> DT0 ,
DT35                                           ,sub_6271173a-9d78-4b65-96e8-a680e4caea0e_12.47 ,sub_6271173a-9d78-4b65-96e8-a680e4caea0e_12.47 -> DT0 ,
DT35LV                                         ,sub_6271173a-9d78-4b65-96e8-a680e4caea0e_12.47 ,sub_6271173a-9d78-4b65-96e8-a680e4caea0e_12.47 -> DT0 ,
DT36                                           ,sub_6271173a-9d78-4b65-96e8-a680e4caea0e_12.47 ,sub_6271173a-9d78-4b65-96e8-a680e4caea0e_12.47 -> DT0 ,
DT36LV                                         ,sub_6271173a-9d78-4b65-96e8-a680e4caea0e_12.47 ,sub_6271173a-9d78-4b65-96e8-a680e4caea0e_12.47 -> DT0 ,
DT37                                           ,sub_6271173a-9d78-4b65-96e8-a680e4caea0e_12.47 ,sub_6271173a-9d78-4b65-96e8-a680e4caea0e_12.47 -> DT0 ,
DT37LV                                         ,sub_6271173a-9d78-4b65-96e8-a680e4caea0e_12.47 ,sub_6271173a-9d78-4b65-96e8-a680e4caea0e_12.47 -> DT0 ,
DT38                                           ,sub_6271173a-9d78-4b65-96e8-a680e4caea0e_12.47 ,sub_6271173a-9d78-4b65-96e8-a680e4caea0e_12.47 -> DT0 ,
DT38LV                                         ,sub_6271173a-9d78-4b65-96e8-a680e4caea0e_12.47 ,sub_6271173a-9d78-4b65-96e8-a680e4caea0e_12.47 -> DT0 ,
DT39                                           ,sub_6271173a-9d78-4b65-96e8-a680e4caea0e_12.47 ,sub_6271173a-9d78-4b65-96e8-a680e4caea0e_12.47 -> DT0 ,
DT39LV                                         ,sub_6271173a-9d78-4b65-96e8-a680e4caea0e_12.47 ,sub_6271173a-9d78-4b65-96e8-a680e4caea0e_12.47 -> DT0 ,
DT40                                           ,sub_6271173a-9d78-4b65-96e8-a680e4caea0e_12.47 ,sub_6271173a-9d78-4b65-96e8-a680e4caea0e_12.47 -> DT0 ,
DT40LV                                         ,sub_6271173a-9d78-4b65-96e8-a680e4caea0e_12.47 ,sub_6271173a-9d78-4b65-96e8-a680e4caea0e_12.47 -> DT0 ,
DT41                                           ,sub_6271173a-9d78-4b65-96e8-a680e4caea0e_12.47 ,sub_6271173a-9d78-4b65-96e8-a680e4caea0e_12.47 -> DT0 ,
DT41LV                                         ,sub_6271173a-9d78-4b65-96e8-a680e4caea0e_12.47 ,sub_6271173a-9d78-4b65-96e8-a680e4caea0e_12.47 -> DT0 ,
DT42                                           ,sub_6271173a-9d78-4b65-96e8-a680e4caea0e_12.47 ,sub_6271173a-9d78-4b65-96e8-a680e4caea0e_12.47 -> DT0 ,
DT42LV                                         ,sub_6271173a-9d78-4b65-96e8-a680e4caea0e_12.47 ,sub_6271173a-9d78-4b65-96e8-a680e4caea0e_12.47 -> DT0 ,
DT43                                           ,sub_6271173a-9d78-4b65-96e8-a680e4caea0e_12.47 ,sub_6271173a-9d78-4b65-96e8-a680e4caea0e_12.47 -> DT0 ,
DT43LV                                         ,sub_6271173a-9d78-4b65-96e8-a680e4caea0e_12.47 ,sub_6271173a-9d78-4b65-96e8-a680e4caea0e_12.47 -> DT0 ,
DT44                                           ,sub_6271173a-9d78-4b65-96e8-a680e4caea0e_12.47 ,sub_6271173a-9d78-4b65-96e8-a680e4caea0e_12.47 -> DT0 ,
DT44LV                                         ,sub_6271173a-9d78-4b65-96e8-a680e4caea0e_12.47 ,sub_6271173a-9d78-4b65-96e8-a680e4caea0e_12.47 -> DT0 ,
DT45                                           ,sub_6271173a-9d78-4b65-96e8-a680e4caea0e_12.47 ,sub_6271173a-9d78-4b65-96e8-a680e4caea0e_12.47 -> DT0 ,
DT45LV                                         ,sub_6271173a-9d78-4b65-96e8-a680e4caea0e_12.47 ,sub_6271173a-9d78-4b65-96e8-a680e4caea0e_12.47 -> DT0 ,
DT46                                           ,sub_6271173a-9d78-4b65-96e8-a680e4caea0e_12.47 ,sub_6271173a-9d78-4b65-96e8-a680e4caea0e_12.47 -> DT0 ,
DT46LV                                         ,sub_6271173a-9d78-4b65-96e8-a680e4caea0e_12.47 ,sub_6271173a-9d78-4b65-96e8-a680e4caea0e_12.47 -> DT0 ,
DT47                                           ,sub_6271173a-9d78-4b65-96e8-a680e4caea0e_12.47 ,sub_6271173a-9d78-4b65-96e8-a680e4caea0e_12.47 -> DT0 ,
DT47LV                                         ,sub_6271173a-9d78-4b65-96e8-a680e4caea0e_12.47 ,sub_6271173a-9d78-4b65-96e8-a680e4caea0e_12.47 -> DT0 ,
DT48                                           ,sub_6271173a-9d78-4b65-96e8-a680e4caea0e_12.47 ,sub_6271173a-9d78-4b65-96e8-a680e4caea0e_12.47 -> DT0 ,
DT48LV                                         ,sub_6271173a-9d78-4b65-96e8-a680e4caea0e_12.47 ,sub_6271173a-9d78-4b65-96e8-a680e4caea0e_12.47 -> DT0 ,
DT49                                           ,sub_6271173a-9d78-4b65-96e8-a680e4caea0e_12.47 ,sub_6271173a-9d78-4b65-96e8-a680e4caea0e_12.47 -> DT0 ,
DT49LV                                         ,sub_6271173a-9d78-4b65-96e8-a680e4caea0e_12.47 ,sub_6271173a-9d78-4b65-96e8-a680e4caea0e_12.47 -> DT0 ,
DT50                                           ,sub_6271173a-9d78-4b65-96e8-a680e4caea0e_12.47 ,sub_6271173a-9d78-4b65-96e8-a680e4caea0e_12.47 -> DT0 ,
DT50LV                                         ,sub_6271173a-9d78-4b65-96e8-a680e4caea0e_12.47 ,sub_6271173a-9d78-4b65-96e8-a680e4caea0e_12.47 -> DT0 ,
DT51                                           ,sub_6271173a-9d78-4b65-96e8-a680e4caea0e_12.47 ,sub_6271173a-9d78-4b65-96e8-a680e4caea0e_12.47 -> DT0 ,
DT51LV                                         ,sub_6271173a-9d78-4b65-96e8-a680e4caea0e_12.47 ,sub_6271173a-9d78-4b65-96e8-a680e4caea0e_12.47 -> DT0 ,
DT52                                           ,sub_6271173a-9d78-4b65-96e8-a680e4caea0e_12.47 ,sub_6271173a-9d78-4b65-96e8-a680e4caea0e_12.47 -> DT0 ,
DT52LV                                         ,sub_6271173a-9d78-4b65-96e8-a680e4caea0e_12.47 ,sub_6271173a-9d78-4b65-96e8-a680e4caea0e_12.47 -> DT0 ,
DT53                                           ,sub_6271173a-9d78-4b65-96e8-a680e4caea0e_12.47 ,sub_6271173a-9d78-4b65-96e8-a680e4caea0e_12.47 -> DT0 ,
DT53LV                                         ,sub_6271173a-9d78-4b65-96e8-a680e4caea0e_12.47 ,sub_6271173a-9d78-4b65-96e8-a680e4caea0e_12.47 -> DT0 ,
DT54                                           ,sub_6271173a-9d78-4b65-96e8-a680e4caea0e_12.47 ,sub_6271173a-9d78-4b65-96e8-a680e4caea0e_12.47 -> DT0 ,
DT54LV                                         ,sub_6271173a-9d78-4b65-96e8-a680e4caea0e_12.47 ,sub_6271173a-9d78-4b65-96e8-a680e4caea0e_12.47 -> DT0 ,
DT55                                           ,sub_6271173a-9d78-4b65-96e8-a680e4caea0e_12.47 ,sub_6271173a-9d78-4b65-96e8-a680e4caea0e_12.47 -> DT0 ,
DT55LV                                         ,sub_6271173a-9d78-4b65-96e8-a680e4caea0e_12.47 ,sub_6271173a-9d78-4b65-96e8-a680e4caea0e_12.47 -> DT0 ,
DT56                                           ,sub_6271173a-9d78-4b65-96e8-a680e4caea0e_12.47 ,sub_6271173a-9d78-4b65-96e8-a680e4caea0e_12.47 -> DT0 ,
DT56LV                                         ,sub_6271173a-9d78-4b65-96e8-a680e4caea0e_12.47 ,sub_6271173a-9d78-4b65-96e8-a680e4caea0e_12.47 -> DT0 ,
DT57                                           ,sub_6271173a-9d78-4b65-96e8-a680e4caea0e_12.47 ,sub_6271173a-9d78-4b65-96e8-a680e4caea0e_12.47 -> DT0 ,
DT57LV                                         ,sub_6271173a-9d78-4b65-96e8-a680e4caea0e_12.47 ,sub_6271173a-9d78-4b65-96e8-a680e4caea0e_12.47 -> DT0 ,
DT58                                           ,sub_6271173a-9d78-4b65-96e8-a680e4caea0e_12.47 ,sub_6271173a-9d78-4b65-96e8-a680e4caea0e_12.47 -> DT0 ,
DT58LV                                         ,sub_6271173a-9d78-4b65-96e8-a680e4caea0e_12.47 ,sub_6271173a-9d78-4b65-96e8-a680e4caea0e_12.47 -> DT0 ,
DT59                                           ,sub_6271173a-9d78-4b65-96e8-a680e4caea0e_12.47 ,sub_6271173a-9d78-4b65-96e8-a680e4caea0e_12.47 -> DT0 ,
DT59LV                                         ,sub_6271173a-9d78-4b65-96e8-a680e4caea0e_12.47 ,sub_6271173a-9d78-4b65-96e8-a680e4caea0e_12.47 -> DT0 ,
DT60                                           ,sub_6271173a-9d78-4b65-96e8-a680e4caea0e_12.47 ,sub_6271173a-9d78-4b65-96e8-a680e4caea0e_12.47 -> DT0 ,
DT60LV                                         ,sub_6271173a-9d78-4b65-96e8-a680e4caea0e_12.47 ,sub_6271173a-9d78-4b65-96e8-a680e4caea0e_12.47 -> DT0 ,
DT61                                           ,sub_6271173a-9d78-4b65-96e8-a680e4caea0e_12.47 ,sub_6271173a-9d78-4b65-96e8-a680e4caea0e_12.47 -> DT0 ,
DT61LV                                         ,sub_6271173a-9d78-4b65-96e8-a680e4caea0e_12.47 ,sub_6271173a-9d78-4b65-96e8-a680e4caea0e_12.47 -> DT0 ,
DT62                                           ,sub_6271173a-9d78-4b65-96e8-a680e4caea0e_12.47 ,sub_6271173a-9d78-4b65-96e8-a680e4caea0e_12.47 -> DT0 ,
DT62LV                                         ,sub_6271173a-9d78-4b65-96e8-a680e4caea0e_12.47 ,sub_6271173a-9d78-4b65-96e8-a680e4caea0e_12.47 -> DT0 ,
DT63                                           ,sub_6271173a-9d78-4b65-96e8-a680e4caea0e_12.47 ,sub_6271173a-9d78-4b65-96e8-a680e4caea0e_12.47 -> DT0 ,
DT63LV                                         ,sub_6271173a-9d78-4b65-96e8-a680e4caea0e_12.47 ,sub_6271173a-9d78-4b65-96e8-a680e4caea0e_12.47 -> DT0 ,
DT64                                           ,sub_6271173a-9d78-4b65-96e8-a680e4caea0e_12.47 ,sub_6271173a-9d78-4b65-96e8-a680e4caea0e_12.47 -> DT0 ,
DT64LV                                         ,sub_6271173a-9d78-4b65-96e8-a680e4caea0e_12.47 ,sub_6271173a-9d78-4b65-96e8-a680e4caea0e_12.47 -> DT0 ,
DT65                                           ,sub_6271173a-9d78-4b65-96e8-a680e4caea0e_12.47 ,sub_6271173a-9d78-4b65-96e8-a680e4caea0e_12.47 -> DT0 ,
DT65LV                                         ,sub_6271173a-9d78-4b65-96e8-a680e4caea0e_12.47 ,sub_6271173a-9d78-4b65-96e8-a680e4caea0e_12.47 -> DT0 ,
DT66                                           ,sub_6271173a-9d78-4b65-96e8-a680e4caea0e_12.47 ,sub_6271173a-9d78-4b65-96e8-a680e4caea0e_12.47 -> DT0 ,
DT66LV                                         ,sub_6271173a-9d78-4b65-96e8-a680e4caea0e_12.47 ,sub_6271173a-9d78-4b65-96e8-a680e4caea0e_12.47 -> DT0 ,
DT67                                           ,sub_6271173a-9d78-4b65-96e8-a680e4caea0e_12.47 ,sub_6271173a-9d78-4b65-96e8-a680e4caea0e_12.47 -> DT0 ,
DT67LV                                         ,sub_6271173a-9d78-4b65-96e8-a680e4caea0e_12.47 ,sub_6271173a-9d78-4b65-96e8-a680e4caea0e_12.47 -> DT0 ,
DT68                                           ,sub_6271173a-9d78-4b65-96e8-a680e4caea0e_12.47 ,sub_6271173a-9d78-4b65-96e8-a680e4caea0e_12.47 -> DT0 ,
DT68LV                                         ,sub_6271173a-9d78-4b65-96e8-a680e4caea0e_12.47 ,sub_6271173a-9d78-4b65-96e8-a680e4caea0e_12.47 -> DT0 ,
DT69                                           ,sub_6271173a-9d78-4b65-96e8-a680e4caea0e_12.47 ,sub_6271173a-9d78-4b65-96e8-a680e4caea0e_12.47 -> DT0 ,
DT69LV                                         ,sub_6271173a-9d78-4b65-96e8-a680e4caea0e_12.47 ,sub_6271173a-9d78-4b65-96e8-a680e4caea0e_12.47 -> DT0 ,
DT70                                           ,sub_6271173a-9d78-4b65-96e8-a680e4caea0e_12.47 ,sub_6271173a-9d78-4b65-96e8-a680e4caea0e_12.47 -> DT0 ,
DT70LV                                         ,sub_6271173a-9d78-4b65-96e8-a680e4caea0e_12.47 ,sub_6271173a-9d78-4b65-96e8-a680e4caea0e_12.47 -> DT0 ,
DT71                                           ,sub_6271173a-9d78-4b65-96e8-a680e4caea0e_12.47 ,sub_6271173a-9d78-4b65-96e8-a680e4caea0e_12.47 -> DT0 ,
DT71LV                                         ,sub_6271173a-9d78-4b65-96e8-a680e4caea0e_12.47 ,sub_6271173a-9d78-4b65-96e8-a680e4caea0e_12.47 -> DT0 ,
DT72                                           ,sub_6271173a-9d78-4b65-96e8-a680e4caea0e_12.47 ,sub_6271173a-9d78-4b65-96e8-a680e4caea0e_12.47 -> DT0 ,
DT72LV                                         ,sub_6271173a-9d78-4b65-96e8-a680e4caea0e_12.47 ,sub_6271173a-9d78-4b65-96e8-a680e4caea0e_12.47 -> DT0 ,
DT73                                           ,sub_6271173a-9d78-4b65-96e8-a680e4caea0e_12.47 ,sub_6271173a-9d78-4b65-96e8-a680e4caea0e_12.47 -> DT0 ,
DT73LV                                         ,sub_6271173a-9d78-4b65-96e8-a680e4caea0e_12.47 ,sub_6271173a-9d78-4b65-96e8-a680e4caea0e_12.47 -> DT0 ,
DT74                                           ,sub_6271173a-9d78-4b65-96e8-a680e4caea0e_12.47 ,sub_6271173a-9d78-4b65-96e8-a680e4caea0e_12.47 -> DT0 ,
DT74LV                                         ,sub_6271173a-9d78-4b65-96e8-a680e4caea0e_12.47 ,sub_6271173a-9d78-4b65-96e8-a680e4caea0e_12.47 -> DT0 ,
DT75                                           ,sub_6271173a-9d78-4b65-96e8-a680e4caea0e_12.47 ,sub_6271173a-9d78-4b65-96e8-a680e4caea0e_12.47 -> DT0 ,
DT75LV                                         ,sub_6271173a-9d78-4b65-96e8-a680e4caea0e_12.47 ,sub_6271173a-9d78-4b65-96e8-a680e4caea0e_12.47 -> DT0 ,
DT76                                           ,sub_6271173a-9d78-4b65-96e8-a680e4caea0e_12.47 ,sub_6271173a-9d78-4b65-96e8-a680e4caea0e_12.47 -> DT0 ,
DT76LV                                         ,sub_6271173a-9d78-4b65-96e8-a680e4caea0e_12.47 ,sub_6271173a-9d78-4b65-96e8-a680e4caea0e_12.47 -> DT0 ,
DT77                                           ,sub_6271173a-9d78-4b65-96e8-a680e4caea0e_12.47 ,sub_6271173a-9d78-4b65-96e8-a680e4caea0e_12.47 -> DT0 ,
DT77LV                                         ,sub_6271173a-9d78-4b65-96e8-a680e4caea0e_12.47 ,sub_6271173a-9d78-4b65-96e8-a680e4caea0e_12.47 -> DT0 ,
DT78                                           ,sub_6271173a-9d78-4b65-96e8-a680e4caea0e_12.47 ,sub_6271173a-9d78-4b65-96e8-a680e4caea0e_12.47 -> DT0 ,
DT78LV                                         ,sub_6271173a-9d78-4b65-96e8-a680e4caea0e_12.47 ,sub_6271173a-9d78-4b65-96e8-a680e4caea0e_12.47 -> DT0 ,
DT79                                           ,sub_6271173a-9d78-4b65-96e8-a680e4caea0e_12.47 ,sub_6271173a-9d78-4b65-96e8-a680e4caea0e_12.47 -> DT0 ,
DT79LV                                         ,sub_6271173a-9d78-4b65-96e8-a680e4caea0e_12.47 ,sub_6271173a-9d78-4b65-96e8-a680e4caea0e_12.47 -> DT0 ,
DT80                                           ,sub_6271173a-9d78-4b65-96e8-a680e4caea0e_12.47 ,sub_6271173a-9d78-4b65-96e8-a680e4caea0e_12.47 -> DT0 ,
DT80LV                                         ,sub_6271173a-9d78-4b65-96e8-a680e4caea0e_12.47 ,sub_6271173a-9d78-4b65-96e8-a680e4caea0e_12.47 -> DT0 ,
DT81                                           ,sub_6271173a-9d78-4b65-96e8-a680e4caea0e_12.47 ,sub_6271173a-9d78-4b65-96e8-a680e4caea0e_12.47 -> DT0 ,
DT81LV                                         ,sub_6271173a-9d78-4b65-96e8-a680e4caea0e_12.47 ,sub_6271173a-9d78-4b65-96e8-a680e4caea0e_12.47 -> DT0 ,